Chromosome,Start,End,modID,Score,Strand,Mod,supportNum,supportList,supportListSub,pubList,cellList,seqTypeList,geneID,transcriptID,geneName,geneType,Region,Seq,Enzyme
B_sub_1933_014,898,899,Pseudo_site_11,0,+,Y,1,Modomics,Modomics,29106616,prokaryotic_cytosol,na,EF83_09460,EF83_09460-1,EF83_09460,rRNA,exon-1,GCCCCAGTAAACGGCGGCCGTAACTATAACGGTCCTAAGGT,P33643
B_sub_1933_014,902,903,Pseudo_site_12,0,+,Y,1,Modomics,Modomics,29106616,prokaryotic_cytosol,na,EF83_09460,EF83_09460-1,EF83_09460,rRNA,exon-1,CAGTAAACGGCGGCCGTAACTATAACGGTCCTAAGGTAGCG,P33643
B_sub_1933_014,904,905,Pseudo_site_13,0,+,Y,1,Modomics,Modomics,29106616,prokaryotic_cytosol,na,EF83_09460,EF83_09460-1,EF83_09460,rRNA,exon-1,GTAAACGGCGGCCGTAACTATAACGGTCCTAAGGTAGCGAA,P33643
B_sub_1933_014,1479,1480,Pseudo_site_14,0,+,Y,1,Modomics,Modomics,29106616,prokaryotic_cytosol,na,EF83_09460,EF83_09460-1,EF83_09460,rRNA,exon-1,GTCCACATCGACGGGGAGGTTTGGCACCTCGATGTCGGCTC,
B_sub_1933_014,1591,1592,Pseudo_site_15,0,+,Y,1,Modomics,Modomics,29106616,prokaryotic_cytosol,na,EF83_09460,EF83_09460-1,EF83_09460,rRNA,exon-1,TTCAGAACGTCGTGAGACAGTTCGGTCCCTATCCGTCGCGG,P32684
B_sub_1933_014,1592,1593,Pseudo_site_16,0,+,Y,1,Modomics,Modomics,29106616,prokaryotic_cytosol,na,EF83_09460,EF83_09460-1,EF83_09460,rRNA,exon-1,TCAGAACGTCGTGAGACAGTTCGGTCCCTATCCGTCGCGGG,P37765
Chromosome,224285,224286,Pseudo_site_1,0,+,Y,1,Modomics,Modomics,29106616,prokaryotic_cytosol,na,b0201,EBT00001514726,rrsH,rRNA,exon-1,AGAAGCACCGGCTAACTCCGTGCCAGCAGCCGCGGTAATAC,P0AA43
Chromosome,226503,226504,Pseudo_site_5,0,+,Y,1,Modomics,Modomics,29106616,prokaryotic_cytosol,na,b0204,EBT00001514680,rrlH,rRNA,exon-1,GAGGACCGAACCGACTAATGTTGAAAAATTAGCGGATGACT,P0AA37
Chromosome,226712,226713,Pseudo_site_6,0,+,Y,1,Modomics,Modomics,29106616,prokaryotic_cytosol,na,b0204,EBT00001514680,rrlH,rRNA,exon-1,CACGGGAGACACACGGCGGGTGCTAACGTCCGTCGTGAAGA,P0AA39
Chromosome,227668,227669,Pseudo_site_7,0,+,Y,1,Modomics,Modomics,29106616,prokaryotic_cytosol,na,b0204,EBT00001514680,rrlH,rRNA,exon-1,GCCCCGGTAAACGGCGGCCGTAACTATAACGGTCCTAAGGT,P33643
Chromosome,228214,228215,Pseudo_site_9,0,+,Y,1,Modomics,Modomics,29106616,prokaryotic_cytosol,na,b0204,EBT00001514680,rrlH,rRNA,exon-1,GTACTCCGGGGATAACAGGCTGATACCGCCCAAGAGTTCAT,P75966
Chromosome,228261,228262,Pseudo_site_10,0,+,Y,1,Modomics,Modomics,29106616,prokaryotic_cytosol,na,b0204,EBT00001514680,rrlH,rRNA,exon-1,GGCGGTGTTTGGCACCTCGATGTCGGCTCATCACATCCTGG,P0AA39
Chromosome,228337,228338,Pseudo_site_11,0,+,Y,1,Modomics,Modomics,29106616,prokaryotic_cytosol,na,b0204,EBT00001514680,rrlH,rRNA,exon-1,ATTTAAAGTGGTACGCGAGCTGGGTTTAGAACGTCGTGAGA,P0AA39
Chromosome,228362,228363,Pseudo_site_12,0,+,Y,1,Modomics,Modomics,29106616,prokaryotic_cytosol,na,b0204,EBT00001514680,rrlH,rRNA,exon-1,TTAGAACGTCGTGAGACAGTTCGGTCCCTATCTGCCGTGGG,P37765
Chromosome,1311214,1311215,Pseudo_site_7,0,-,Y,1,Modomics,Modomics,29106616,prokaryotic_cytosol,na,TT_C3024,TT_C3024-1,TT_C3024,rRNA,exon-1,AATAGCGCCGGCCAACTCCGTGCCAGCAGCCGCGGTAATAC,P0AA43
Chromosome,1536398,1536399,Pseudo_site_9,0,+,Y,1,Modomics,Modomics,29106616,prokaryotic_cytosol,na,TT_C3035,TT_C3035-1,TT_C3035,rRNA,exon-1,GCCCCGGTGAACGGCGGCCGTAACTATAACGGTCCTAAGGT,P33643
Chromosome,1536404,1536405,Pseudo_site_10,0,+,Y,1,Modomics,Modomics,29106616,prokaryotic_cytosol,na,TT_C3035,TT_C3035-1,TT_C3035,rRNA,exon-1,GTGAACGGCGGCCGTAACTATAACGGTCCTAAGGTAGCGAA,P33643
Chromosome,1537092,1537093,Pseudo_site_11,0,+,Y,1,Modomics,Modomics,29106616,prokaryotic_cytosol,na,TT_C3035,TT_C3035-1,TT_C3035,rRNA,exon-1,GTGAGACAGTTCGGTCTCTATCCGCCACGGGCGCAGGAGGC,
Chromosome,225267,225268,otherMod_site_4,0,+,m3U,1,Modomics,Modomics,29106616,prokaryotic_cytosol,na,b0201,EBT00001514726,rrsH,rRNA,exon-1,TCATGACTGGGGTGAAGTCGTAACAAGGTAACCGTAGGGGA,P0AGL7
Chromosome,190482,190483,otherMod_site_3,0,+,m3U,1,Modomics,Modomics,29106616,prokaryotic_cytosol,na,THMB_0175,THMB_0175-1,THMB_0175,rRNA,exon-1,TGGCGAGGGGGGCGAAGTCGTAACAAGGTAGCCGTACCGGA,P0AGL7
Chromosome,1310238,1310239,otherMod_site_12,0,-,m3U,1,Modomics,Modomics,29106616,prokaryotic_cytosol,na,TT_C3024,TT_C3024-1,TT_C3024,rRNA,exon-1,CCGTGACTGGGGCGAAGTCGTAACAAGGTAGCTGTACCGGA,P0AGL7
Chromosome,228258,228259,otherMod_site_24,0,+,ho5C,1,Modomics,Modomics,29106616,prokaryotic_cytosol,na,b0204,EBT00001514680,rrlH,rRNA,exon-1,GACGGCGGTGTTTGGCACCTCGATGTCGGCTCATCACATCC,P40991
Chromosome,225171,225172,otherMod_site_3,0,+,m4Cm,1,Modomics,Modomics,29106616,prokaryotic_cytosol,na,b0201,EBT00001514726,rrsH,rRNA,exon-1,CCCGGGCCTTGTACACACCGCCCGTCACACCATGGGAGTGG,P60390
Chromosome,1310329,1310330,otherMod_site_13,0,-,m4Cm,1,Modomics,Modomics,29106616,prokaryotic_cytosol,na,TT_C3024,TT_C3024-1,TT_C3024,rRNA,exon-1,CCCGGGCCTTGTACACACCGCCCGTCACGCCATGGGAGCGG,P60390
Chromosome,224735,224736,otherMod_site_1,0,+,m2G,1,Modomics,Modomics,29106616,prokaryotic_cytosol,na,b0201,EBT00001514726,rrsH,rRNA,exon-1,AGCATGTGGTTTAATTCGATGCAACGCGAAGAACCTTACCT,P0ADX9
Chromosome,224976,224977,otherMod_site_2,0,+,m2G,1,Modomics,Modomics,29106616,prokaryotic_cytosol,na,b0201,EBT00001514726,rrsH,rRNA,exon-1,GATGACGTCAAGTCATCATGGCCCTTACGACCAGGGCTACA,P39406
Chromosome,225285,225286,otherMod_site_5,0,+,m2G,1,Modomics,Modomics,29106616,prokaryotic_cytosol,na,b0201,EBT00001514726,rrsH,rRNA,exon-1,CGTAACAAGGTAACCGTAGGGGAACCTGCGGTTGGATCACC,WP_000686620
Chromosome,227592,227593,otherMod_site_19,0,+,m2G,1,Modomics,Modomics,29106616,prokaryotic_cytosol,na,b0204,EBT00001514680,rrlH,rRNA,exon-1,ACGTATACGGTGTGACGCCTGCCCGGTGCCGGAAGGTTAAT,NP_417555
Chromosome,228202,228203,otherMod_site_22,0,+,m2G,1,Modomics,Modomics,29106616,prokaryotic_cytosol,na,b0204,EBT00001514680,rrlH,rRNA,exon-1,AACGGATAAAAGGTACTCCGGGGATAACAGGCTGATACCGC,P75864
Chromosome,189934,189935,otherMod_site_1,0,+,m2G,1,Modomics,Modomics,29106616,prokaryotic_cytosol,na,THMB_0175,THMB_0175-1,THMB_0175,rRNA,exon-1,AGCGTGTGGTTTAATTGGATGCTAAGCCAAGAACCTTACCA,P0ADX9
Chromosome,190031,190032,otherMod_site_2,0,+,m2G,1,Modomics,Modomics,29106616,prokaryotic_cytosol,na,THMB_0175,THMB_0175-1,THMB_0175,rRNA,exon-1,ACTGGGAGCCGGCACAGGTGGTGCACGGCCGTCGTCAGCTC,
Chromosome,1310525,1310526,otherMod_site_14,0,-,m2G,1,Modomics,Modomics,29106616,prokaryotic_cytosol,na,TT_C3024,TT_C3024-1,TT_C3024,rRNA,exon-1,GACGACGTCTGGTCAGCATGGCCCTTACGGCCTGGGCGACA,P39406
Chromosome,227672,227673,otherMod_site_20,0,+,m3Y,1,Modomics,Modomics,29106616,prokaryotic_cytosol,na,b0204,EBT00001514680,rrlH,rRNA,exon-1,CGGTAAACGGCGGCCGTAACTATAACGGTCCTAAGGTAGCG,P0A8I8
Chromosome,226502,226503,otherMod_site_17,0,+,m1G,1,Modomics,Modomics,29106616,prokaryotic_cytosol,na,b0204,EBT00001514680,rrlH,rRNA,exon-1,GGAGGACCGAACCGACTAATGTTGAAAAATTAGCGGATGAC,P36999
Chromosome,228260,228261,otherMod_site_25,0,+,m2A,1,Modomics,Modomics,29106616,prokaryotic_cytosol,na,b0204,EBT00001514680,rrlH,rRNA,exon-1,CGGCGGTGTTTGGCACCTCGATGTCGGCTCATCACATCCTG,P36979
scaffold47,472,473,m7G_site_1,0,-,m7G,1,Modomics,Modomics,29106616,prokaryotic_cytosol,na,NL50_18105,NL50_18105-1,NL50_18105,rRNA,exon-1,AGCAGCCGCGGTAATACGTAGGTGGCAAGCGTTGTCCGGAT,
Chromosome,224296,224297,m7G_site_1,0,+,m7G,1,Modomics,Modomics,29106616,prokaryotic_cytosol,na,b0201,EBT00001514726,rrsH,rRNA,exon-1,CTAACTCCGTGCCAGCAGCCGCGGTAATACGGAGGGTGCAA,P0A6U5
Chromosome,227826,227827,m7G_site_4,0,+,m7G,1,Modomics,Modomics,29106616,prokaryotic_cytosol,na,b0204,EBT00001514680,rrlH,rRNA,exon-1,GCAAGACGGAAAGACCCCGTGAACCTTTACTATAGCTTGAC,P75864
Chromosome,189497,189498,m7G_site_1,0,+,m7G,1,Modomics,Modomics,29106616,prokaryotic_cytosol,na,THMB_0175,THMB_0175-1,THMB_0175,rRNA,exon-1,CTAACTACGTGCCAGCAGCCGCGGTAATACGTAGGGGGCAA,P25813
Chromosome,1311203,1311204,m7G_site_2,0,-,m7G,1,Modomics,Modomics,29106616,prokaryotic_cytosol,na,TT_C3024,TT_C3024-1,TT_C3024,rRNA,exon-1,CCAACTCCGTGCCAGCAGCCGCGGTAATACGGAGGGCGCGA,Q9LCY2
B_sub_1933_014,926,927,otherMod_site_34,0,+,m5U,1,Modomics,Modomics,29106616,prokaryotic_cytosol,na,EF83_09460,EF83_09460-1,EF83_09460,rRNA,exon-1,ACGGTCCTAAGGTAGCGAAATTCCTTGTCGGGTAAGTTCCG,WP_000039688
B_sub_1933_090,1042,1043,otherMod_site_157,0,+,m5U,1,Modomics,Modomics,29106616,prokaryotic_cytosol,na,EF83_22530,EF83_22530-1,EF83_22530,rRNA,exon-1,AGGCCCGAACCCACGCACGTTGAAAAGTGCGGGGATGAGGT,O31503
Chromosome,226504,226505,otherMod_site_18,0,+,m5U,1,Modomics,Modomics,29106616,prokaryotic_cytosol,na,b0204,EBT00001514680,rrlH,rRNA,exon-1,AGGACCGAACCGACTAATGTTGAAAAATTAGCGGATGACTT,P75817
Chromosome,207688,207689,otherMod_site_1,0,+,m5U,1,Modomics,Modomics,29106616,prokaryotic_cytosol,na,EBG00000036531,EBG00000036531-1,,rRNA,exon-1,GCCCGCTAGGGGTGCTGATGTGCAGTTCGCTCCCGTGACCC,
scaffold46,824,825,Nm_site_1,0,-,Cm,1,Modomics,Modomics,29106616,prokaryotic_cytosol,na,NL50_18100,NL50_18100-1,NL50_18100,rRNA,exon-1,GACGTCAAATCATCATGCCCCTTATGTCTAGGGCTACACAC,
Chromosome,228008,228009,Nm_site_1,0,+,Gm,1,Modomics,Modomics,29106616,prokaryotic_cytosol,na,b0204,EBT00001514680,rrlH,rRNA,exon-1,TCTGGTGGGTAGTTTGACTGGGGCGGTCTCCTCCTAAAGAG,
Chromosome,228255,228256,Nm_site_2,0,+,Cm,1,Modomics,Modomics,29106616,prokaryotic_cytosol,na,b0204,EBT00001514680,rrlH,rRNA,exon-1,ATCGACGGCGGTGTTTGGCACCTCGATGTCGGCTCATCACA,
Chromosome,228309,228310,Nm_site_3,0,+,Um,1,Modomics,Modomics,29106616,prokaryotic_cytosol,na,b0204,EBT00001514680,rrlH,rRNA,exon-1,GTAGGTCCCAAGGGTATGGCTGTTCGCCATTTAAAGTGGTA,
Chromosome,190483,190484,Nm_site_1,0,+,Am,1,Modomics,Modomics,29106616,prokaryotic_cytosol,na,THMB_0175,THMB_0175-1,THMB_0175,rRNA,exon-1,GGCGAGGGGGGCGAAGTCGTAACAAGGTAGCCGTACCGGAA,
Chromosome,1536402,1536403,Nm_site_5,0,+,Um,1,Modomics,Modomics,29106616,prokaryotic_cytosol,na,TT_C3035,TT_C3035-1,TT_C3035,rRNA,exon-1,CGGTGAACGGCGGCCGTAACTATAACGGTCCTAAGGTAGCG,
Chromosome,1536407,1536408,Nm_site_6,0,+,Cm,1,Modomics,Modomics,29106616,prokaryotic_cytosol,na,TT_C3035,TT_C3035-1,TT_C3035,rRNA,exon-1,AACGGCGGCCGTAACTATAACGGTCCTAAGGTAGCGAAATT,
Chromosome,1536728,1536729,Nm_site_8,0,+,Gm,1,Modomics,Modomics,29106616,prokaryotic_cytosol,na,TT_C3035,TT_C3035-1,TT_C3035,rRNA,exon-1,CTTGGCGGGCAGTTTGACTGGGGCGGTCGCCTCCTAAAAGG,
Chromosome,1536980,1536981,Nm_site_9,0,+,Am,1,Modomics,Modomics,29106616,prokaryotic_cytosol,na,TT_C3035,TT_C3035-1,TT_C3035,rRNA,exon-1,CGGGGAGGTTTGGCACCTCGATGTCGGCTCGTCGCATCCTG,
Chromosome,1537029,1537030,Nm_site_10,0,+,Um,1,Modomics,Modomics,29106616,prokaryotic_cytosol,na,TT_C3035,TT_C3035-1,TT_C3035,rRNA,exon-1,GAAGGTCCCAAGGGTTGGGCTGTTCGCCCATTAAAGCGGCA,
B_sub_1933_005,156245,156246,otherMod_site_17,0,+,xU,1,Modomics,Modomics,29106616,prokaryotic_cytosol,na,EF83_04585,EF83_04585-1,EF83_04585,rRNA,exon-1,GACAGATGATTGGGGTGAAGTCGTAACAAGGTAGCCGTATC,
Chromosome,1836346,1836347,otherMod_site_1,0,+,xG,1,Modomics,Modomics,29106616,prokaryotic_cytosol,na,SULC_2018,SULC_2018-1,SULC_2018,rRNA,exon-1,AATAAGCGGGGGGCAAGTCTGGTGTCAGCCGCCGCGGTAAT,
Chromosome,1836367,1836368,otherMod_site_2,0,+,xA,1,Modomics,Modomics,29106616,prokaryotic_cytosol,na,SULC_2018,SULC_2018-1,SULC_2018,rRNA,exon-1,GTGTCAGCCGCCGCGGTAATACCAGCCCCGCGAGTGGTCGG,
Chromosome,1836508,1836509,otherMod_site_3,0,+,xA,1,Modomics,Modomics,29106616,prokaryotic_cytosol,na,SULC_2018,SULC_2018-1,SULC_2018,rRNA,exon-1,GGGCGGGAGAGGCCAGCGGTACTCCCGGAGTAGGGGCGAAA,
Chromosome,1836620,1836621,otherMod_site_4,0,+,xU,1,Modomics,Modomics,29106616,prokaryotic_cytosol,na,SULC_2018,SULC_2018-1,SULC_2018,rRNA,exon-1,AGCCGGGGCAGCAAAAGGGATTAGATACCCCTGTAGTCCCG,
Chromosome,1836730,1836731,otherMod_site_5,0,+,xG,1,Modomics,Modomics,29106616,prokaryotic_cytosol,na,SULC_2018,SULC_2018-1,SULC_2018,rRNA,exon-1,GCCTGCCGCCTGGGGAGTACGGTCGCAAGACTGAAACTTAA,
Chromosome,1836748,1836749,otherMod_site_6,0,+,xU,1,Modomics,Modomics,29106616,prokaryotic_cytosol,na,SULC_2018,SULC_2018-1,SULC_2018,rRNA,exon-1,ACGGTCGCAAGACTGAAACTTAAAGGAATTGGCGGGGGAGC,
Chromosome,1836799,1836800,otherMod_site_7,0,+,xG,1,Modomics,Modomics,29106616,prokaryotic_cytosol,na,SULC_2018,SULC_2018-1,SULC_2018,rRNA,exon-1,GTGGAACCTGCGGCTCAATTGGAGTCAACGCCTGGAATCTT,
Chromosome,1836803,1836804,otherMod_site_8,0,+,xU,1,Modomics,Modomics,29106616,prokaryotic_cytosol,na,SULC_2018,SULC_2018-1,SULC_2018,rRNA,exon-1,AACCTGCGGCTCAATTGGAGTCAACGCCTGGAATCTTACTA,
Chromosome,1836891,1836892,otherMod_site_9,0,+,xG,1,Modomics,Modomics,29106616,prokaryotic_cytosol,na,SULC_2018,SULC_2018-1,SULC_2018,rRNA,exon-1,CGGAGAGGAGGTGCATGGCCGTCGCCAGCTCGTGTTGTGAA,
Chromosome,1836929,1836930,otherMod_site_10,0,+,xG,1,Modomics,Modomics,29106616,prokaryotic_cytosol,na,SULC_2018,SULC_2018-1,SULC_2018,rRNA,exon-1,GAAATGTCCTGTTAAGTCAGGCAACGAGCGAGACCCCCACC,
Chromosome,1837217,1837218,otherMod_site_11,0,+,xU,1,Modomics,Modomics,29106616,prokaryotic_cytosol,na,SULC_2018,SULC_2018-1,SULC_2018,rRNA,exon-1,AACAATCTGCGGTGAATACGTCCCTGCTCCTTGCACACACC,
Chromosome,1837239,1837240,otherMod_site_12,0,+,xC,1,Modomics,Modomics,29106616,prokaryotic_cytosol,na,SULC_2018,SULC_2018-1,SULC_2018,rRNA,exon-1,CCTGCTCCTTGCACACACCGCCCGTCGCTCCACCCGAGTAG,
Chromosome,1837241,1837242,otherMod_site_13,0,+,xC,1,Modomics,Modomics,29106616,prokaryotic_cytosol,na,SULC_2018,SULC_2018-1,SULC_2018,rRNA,exon-1,TGCTCCTTGCACACACCGCCCGTCGCTCCACCCGAGTAGGA,
Chromosome,1837245,1837246,otherMod_site_14,0,+,xG,1,Modomics,Modomics,29106616,prokaryotic_cytosol,na,SULC_2018,SULC_2018-1,SULC_2018,rRNA,exon-1,CCTTGCACACACCGCCCGTCGCTCCACCCGAGTAGGAGAGG,
Chromosome,1837330,1837331,otherMod_site_15,0,+,xA,1,Modomics,Modomics,29106616,prokaryotic_cytosol,na,SULC_2018,SULC_2018-1,SULC_2018,rRNA,exon-1,GCAAGGGGGGAGAAGTCGTAACAAGGTAGCCGTAGGGGAAC,
Chromosome,1837348,1837349,otherMod_site_16,0,+,xA,1,Modomics,Modomics,29106616,prokaryotic_cytosol,na,SULC_2018,SULC_2018-1,SULC_2018,rRNA,exon-1,TAACAAGGTAGCCGTAGGGGAACCTGCGGCTGGATCACCTC,
Chromosome,1837350,1837351,otherMod_site_17,0,+,xC,1,Modomics,Modomics,29106616,prokaryotic_cytosol,na,SULC_2018,SULC_2018-1,SULC_2018,rRNA,exon-1,ACAAGGTAGCCGTAGGGGAACCTGCGGCTGGATCACCTCAT,
Chromosome,1837351,1837352,otherMod_site_18,0,+,xC,1,Modomics,Modomics,29106616,prokaryotic_cytosol,na,SULC_2018,SULC_2018-1,SULC_2018,rRNA,exon-1,CAAGGTAGCCGTAGGGGAACCTGCGGCTGGATCACCTCATA,
Chromosome,1837363,1837364,otherMod_site_19,0,+,xC,1,Modomics,Modomics,29106616,prokaryotic_cytosol,na,SULC_2018,SULC_2018-1,SULC_2018,rRNA,exon-1,AGGGGAACCTGCGGCTGGATCACCTCATAGTTACAAACTCC,
Chromosome,1838326,1838327,otherMod_site_20,0,+,xU,1,Modomics,Modomics,29106616,prokaryotic_cytosol,na,SULC_2019,SULC_2019-1,SULC_2019,rRNA,exon-1,TGCCCGCAACCCGGGAAACCGGGTGAGGGGCAGGGTCTGCC,
Chromosome,1838435,1838436,otherMod_site_21,0,+,xU,1,Modomics,Modomics,29106616,prokaryotic_cytosol,na,SULC_2019,SULC_2019-1,SULC_2019,rRNA,exon-1,GAAACCTCGGTGGAGGGCCGAATAGGGGTTCTGACGTGCAA,
Chromosome,1838436,1838437,otherMod_site_22,0,+,xU,1,Modomics,Modomics,29106616,prokaryotic_cytosol,na,SULC_2019,SULC_2019-1,SULC_2019,rRNA,exon-1,AAACCTCGGTGGAGGGCCGAATAGGGGTTCTGACGTGCAAT,
Chromosome,1840530,1840531,otherMod_site_23,0,+,xU,1,Modomics,Modomics,29106616,prokaryotic_cytosol,na,SULC_2019,SULC_2019-1,SULC_2019,rRNA,exon-1,TAGAAGAGGGGATTGATGGGGGCGGGGTGTAAGTCCCGAGG,
Chromosome,1840531,1840532,otherMod_site_24,0,+,xU,1,Modomics,Modomics,29106616,prokaryotic_cytosol,na,SULC_2019,SULC_2019-1,SULC_2019,rRNA,exon-1,AGAAGAGGGGATTGATGGGGGCGGGGTGTAAGTCCCGAGGG,
Chromosome,228206,228207,otherMod_site_23,0,+,D,1,Modomics,Modomics,29106616,prokaryotic_cytosol,na,b0204,EBT00001514680,rrlH,rRNA,exon-1,GATAAAAGGTACTCCGGGGATAACAGGCTGATACCGCCCAA,
Chromosome,225287,225288,otherMod_site_6,0,+,"m6,6A",1,Modomics,Modomics,29106616,prokaryotic_cytosol,na,b0201,EBT00001514726,rrsH,rRNA,exon-1,TAACAAGGTAACCGTAGGGGAACCTGCGGTTGGATCACCTC,P06992
Chromosome,225288,225289,otherMod_site_7,0,+,"m6,6A",1,Modomics,Modomics,29106616,prokaryotic_cytosol,na,b0201,EBT00001514726,rrsH,rRNA,exon-1,AACAAGGTAACCGTAGGGGAACCTGCGGTTGGATCACCTCC,P06992
Chromosome,190502,190503,otherMod_site_4,0,+,"m6,6A",1,Modomics,Modomics,29106616,prokaryotic_cytosol,na,THMB_0175,THMB_0175-1,THMB_0175,rRNA,exon-1,TAACAAGGTAGCCGTACCGGAAGGTGCGGCTGGATCACCTC,P06992
Chromosome,190503,190504,otherMod_site_5,0,+,"m6,6A",1,Modomics,Modomics,29106616,prokaryotic_cytosol,na,THMB_0175,THMB_0175-1,THMB_0175,rRNA,exon-1,AACAAGGTAGCCGTACCGGAAGGTGCGGCTGGATCACCTCC,P06992
Chromosome,1310217,1310218,otherMod_site_10,0,-,"m6,6A",1,Modomics,Modomics,29106616,prokaryotic_cytosol,na,TT_C3024,TT_C3024-1,TT_C3024,rRNA,exon-1,AACAAGGTAGCTGTACCGGAAGGTGCGGCTGGATCACCTCC,P06992
Chromosome,1310218,1310219,otherMod_site_11,0,-,"m6,6A",1,Modomics,Modomics,29106616,prokaryotic_cytosol,na,TT_C3024,TT_C3024-1,TT_C3024,rRNA,exon-1,TAACAAGGTAGCTGTACCGGAAGGTGCGGCTGGATCACCTC,P06992
B_sub_1933_009,92657,92658,m1A_site_1,0,-,m1A,1,Modomics,Modomics,29106616,prokaryotic_cytosol,na,EF83_07255,EF83_07255-1,EF83_07255,rRNA,exon-1,CCTTGTACACACCGCCCGTCACACCATGGGAGTGGGTTGCA,BAF80809.1
B_sub_1933_027,57967,57968,m1A_site_3,0,-,m1A,1,Modomics,Modomics,29106616,prokaryotic_cytosol,na,EF83_15285,EF83_15285-1,EF83_15285,rRNA,exon-1,TTGTGGGAAGGAATGGTCCAAAGTGGGACTGGCGATTGGGA,CAF33037
Chromosome,224736,224737,m5C_site_1,0,+,m5C,1,Modomics,Modomics,29106616,prokaryotic_cytosol,na,b0201,EBT00001514726,rrsH,rRNA,exon-1,GCATGTGGTTTAATTCGATGCAACGCGAAGAACCTTACCTG,NP_417747
Chromosome,225176,225177,m5C_site_2,0,+,m5C,1,Modomics,Modomics,29106616,prokaryotic_cytosol,na,b0201,EBT00001514726,rrsH,rRNA,exon-1,GCCTTGTACACACCGCCCGTCACACCATGGGAGTGGGTTGC,NP_416349
Chromosome,227719,227720,m5C_site_3,0,+,m5C,1,Modomics,Modomics,29106616,prokaryotic_cytosol,na,b0204,EBT00001514680,rrlH,rRNA,exon-1,CTTGTCGGGTAAGTTCCGACCTGCACGAATGGCGTAATGAT,NP_415487
Chromosome,189935,189936,m5C_site_1,0,+,m5C,1,Modomics,Modomics,29106616,prokaryotic_cytosol,na,THMB_0175,THMB_0175-1,THMB_0175,rRNA,exon-1,GCGTGTGGTTTAATTGGATGCTAAGCCAAGAACCTTACCAG,AKE31144.1
Chromosome,1310324,1310325,m5C_site_1,0,-,m5C,1,Modomics,Modomics,29106616,prokaryotic_cytosol,na,TT_C3024,TT_C3024-1,TT_C3024,rRNA,exon-1,GCCTTGTACACACCGCCCGTCACGCCATGGGAGCGGGCTCT,WP_014629289.1
Chromosome,1310327,1310328,m5C_site_2,0,-,m5C,1,Modomics,Modomics,29106616,prokaryotic_cytosol,na,TT_C3024,TT_C3024-1,TT_C3024,rRNA,exon-1,CGGGCCTTGTACACACCGCCCGTCACGCCATGGGAGCGGGC,WP_014629289.1
Chromosome,1310331,1310332,m5C_site_3,0,-,m5C,1,Modomics,Modomics,29106616,prokaryotic_cytosol,na,TT_C3024,TT_C3024-1,TT_C3024,rRNA,exon-1,TTCCCGGGCCTTGTACACACCGCCCGTCACGCCATGGGAGC,WP_014629289.1
Chromosome,1310769,1310770,m5C_site_4,0,-,m5C,1,Modomics,Modomics,29106616,prokaryotic_cytosol,na,TT_C3024,TT_C3024-1,TT_C3024,rRNA,exon-1,GCATGTGGTTTAATTCGAAGCAACGCGAAGAACCTTACCAG,BCZ91748.1
Chromosome,1536429,1536430,m5C_site_5,0,+,m5C,1,Modomics,Modomics,29106616,prokaryotic_cytosol,na,TT_C3035,TT_C3035-1,TT_C3035,rRNA,exon-1,GTCCTAAGGTAGCGAAATTCCTTGTCGGGTAAGTTCCGACC,WP_011228716.1
Chromosome,1536449,1536450,m5C_site_6,0,+,m5C,1,Modomics,Modomics,29106616,prokaryotic_cytosol,na,TT_C3035,TT_C3035-1,TT_C3035,rRNA,exon-1,CTTGTCGGGTAAGTTCCGACCTGCACGAAAAGCGTAACGAC,NP_415487
B_sub_1933_014,1045,1046,m6A_site_1,0,+,m6A,1,Modomics,Modomics,29106616,prokaryotic_cytosol,na,EF83_09460,EF83_09460-1,EF83_09460,rRNA,exon-1,GGTTACCCGCGACAGGACGGAAAGACCCCGTGGAGCTTTAC,P10738
Chromosome,227375,227376,m6A_site_12,0,+,m6A,1,Modomics,Modomics,29106616,prokaryotic_cytosol,na,b0204,EBT00001514680,rrlH,rRNA,exon-1,ATCGTACCCCAAACCGACACAGGTGGTCAGGTAGAGAATAC,P75782
Chromosome,227787,227788,m6A_site_13,0,+,m6A,1,Modomics,Modomics,29106616,prokaryotic_cytosol,na,b0204,EBT00001514680,rrlH,rRNA,exon-1,GTGAAATTGAACTCGCTGTGAAGATGCAGTGTACCCGCGGC,P37634
Chromosome,3423427,3423428,m6A_site_183,0,-,m6A,1,GSE65347,GSM1593002,26068471,K12,m6A-seq,b3272,EBT00001514587,rrfF,rRNA,exon-1,TGCGAGAGTAGGGAACTGCCAGACATCAAATAAAACAAAAG,
Chromosome,3946813,3946814,m6A_site_205,0,+,m6A,1,GSE65347,GSM1593002,26068471,K12,m6A-seq,b3759,EBT00001514714,rrfC,rRNA,exon-1,TGCGAGAGTAGGGAACTGCCAGGCATCAAATTAAGCAGTAA,
Chromosome,4040630,4040631,m6A_site_209,0,+,m6A,1,GSE65347,GSM1593002,26068471,K12,m6A-seq,b3855,EBT00001514708,rrfA,rRNA,exon-1,TGCGAGAGTAGGGAACTGCCAGGCATCAAATAAAACGAAAG,